Frequency (Total Orders),Monetary (Total Spent $),Total Items Bought,Avg Basket Size ($),Unique Products Bought,Country,Tenure (Days as Customer),Avg Days Between Purchases,output,timestamp
10,500,50,50,10,United Kingdom,300,30,⚠️ HIGH RISK: 53.67% chance of churning.,2026-08-17 15:23:38.951698
457,59001,13801,4601,1491,United Kingdom,365,30,"## ✅ SAFE: 12.33% chance of churning.

### 🔍 Detailed Explanation & Factors
The model made this prediction based on the following customer behaviors:

- **Good Frequency:** This customer has made 457 purchases, showing consistent engagement.
- **High Value:** Total spend is $59001.00. High spenders are usually more loyal.
- **Regular Buyer:** Purchases every 30 days on average, indicating a habitual shopper.
- **Established Customer:** They have been with us for 365 days. Long-term customers are generally more stable.
- **Diverse Interest:** Bought 1491 unique products, showing they find multiple items they like.

*Note: This prediction was generated by a Random Forest Classifier analyzing historical RFM (Recency, Frequency, Monetary) data.*",2026-08-17 16:24:58.346995
